id,pos_id,position_name,subposition,status,code,order_id,type_code,gcode,level_edu,duration_typ,csbanew,rnm,pre,post,icode,scode
649,9022014175885,Kishorgonj Nursing Institute,PUB1,,Institute,643,Public,Institute,30,30,,,0,0,11239,
650,9022014178201,Habigonj Nursing Institute,PUB2,,Institute,644,Public,Institute,50,25,,,0,0,11243,
651,9022014181440,Tangail Nursing Institute,PUB3,,Institute,645,Public,Institute,80,25,,,0,0,11211,
653,2032014015150,Mitford Nursing Institute,PUB4,,Institute,646,Public,Institute,80,25,,,0,0,11201,
654,2032014011961,Comilla Nursing Institute,PUB5,,Institute,647,Public,Institute,80,25,,,0,0,11202,
655,2032014008269,Faridpur Nursing Institute,PUB6,,Institute,648,Public,Institute,80,25,,,0,0,11203,
656,2032014013219,Khulna Nursing Institute,PUB7,,Institute,649,Public,Institute,80,25,,,0,0,11204,
657,2032014006032,Bogra Nursing Institute,PUB8,,Institute,650,Public,Institute,80,25,,,0,0,11205,
658,2032014012034,Dinajpur Nursing Institute,PUB9,,Institute,651,Public,Institute,80,25,,,0,0,11206,
659,2032014006568,Noakhali Nursing Institute,PUB10,,Institute,652,Public,Institute,80,25,,,0,0,11207,
660,2032014015547,Pabna Nursing Institute,PUB11,,Institute,653,Public,Institute,80,25,,,0,0,11208,
661,2032014010243,Jessore Nursing Institute,PUB12,,Institute,654,Public,Institute,80,25,,,0,0,11209,
662,2032014007440,Kushtia Nursing Institute,PUB13,,Institute,655,Public,Institute,80,25,,,0,0,11210,
663,2032014006055,Rangamati Nursing Institute,PUB14,,Institute,656,Public,Institute,80,25,,,0,0,11212,
664,2032014011011,Patuakhali Nursing Institute,PUB15,,Institute,657,Public,Institute,80,25,,,0,0,11213,
665,2032014008642,Sirajganj Nursing Institute,PUB16,,Institute,658,Public,Institute,50,25,,,0,0,11214,
666,2032014006718,Munshiganj Nursing Institute,PUB17,,Institute,659,Public,Institute,50,25,,,0,0,11215,
667,2032014012234,Chuadanga Nursing Institute,PUB18,,Institute,660,Public,Institute,50,,,,0,0,11216,
668,2032014006948,Magura Nursing Institute,PUB19,,Institute,661,Public,Institute,50,,,,0,0,11217,
669,2032014011923,Coxs Bazar Nursing Institute,PUB20,,Institute,662,Public,Institute,50,,,,0,0,11218,
670,2032014006389,Moulvibazar Nursing Institute,PUB21,,Institute,663,Public,Institute,50,25,,,0,0,11219,
671,2032014010677,Sherpur Nursing Institute,PUB22,,Institute,664,Public,Institute,50,,,,0,0,11220,
672,2032014005956,Chapai Nawabganj Nursing Institute,PUB23,,Institute,665,Public,Institute,50,,,,0,0,11221,
673,2032014007226,Joypurhat Nursing Institute,PUB24,,Institute,666,Public,Institute,50,25,,,0,0,11222,
674,2032014009854,Satkhira Nursing Institute,PUB25,,Institute,667,Public,Institute,70,25,,,0,0,11223,
675,2032014011732,Thakurgaon Nursing Institute,PUB26,,Institute,668,Public,Institute,50,,,,0,0,11224,
676,2032014014721,Rajbari Nursing Institute,PUB27,,Institute,669,Public,Institute,50,25,,,0,0,11225,
677,2032014012260,Brahmanbaria Nursing Institute,PUB28,,Institute,670,Public,Institute,70,,,,0,0,11226,
678,2032014011664,Feni Nursing Institute,PUB29,,Institute,671,Public,Institute,50,25,,,0,0,11227,
679,2032014009704,Bagerhat Nursing Institute,PUB30,,Institute,672,Public,Institute,50,,,,0,0,11228,
680,2032014009219,Kurigram Nursing Institute,PUB31,,Institute,673,Public,Institute,50,25,,,0,0,11229,
681,2032014009134,Bhola Nursing Institute,PUB32,,Institute,674,Public,Institute,50,,,,0,0,11230,
682,2032014008690,Netrokona Nursing Institute,PUB33,,Institute,675,Public,Institute,50,,,,0,0,11231,
683,2032014009295,Gopalgonj Nursing Institute,PUB34,,Institute,676,Public,Institute,50,25,,,0,0,11232,
684,2032014007474,Madaripur Nursing Institute,PUB35,,Institute,677,Public,Institute,50,,,,0,0,11233,
685,2032014012828,Pirojpur Nursing Institute,PUB36,,Institute,678,Public,Institute,50,25,,,0,0,11234,
686,2032014006018,Barguna Nursing Institute,PUB37,,Institute,679,Public,Institute,50,,,,0,0,11235,
687,2032014009825,Naogaon Nursing Institute,PUB38,,Institute,680,Public,Institute,50,25,,,0,0,11236,
688,2032014010462,Nilphamari Nursing Institute,PUB39,,Institute,681,Public,Institute,50,,,,0,0,11237,
689,2032014010140,Jamalpur Nursing Institute,PUB40,,Institute,682,Public,Institute,50,,,,0,0,11240,
690,2032014007815,Jhenaidah Nursing Institute,PUB41,,Institute,683,Public,Institute,50,25,,,0,0,11241,
691,2032014006428,Chandpur Nursing Institute,PUB42,,Institute,684,Public,Institute,50,25,,,0,0,11242,
692,2032014013607,Panchagarh Nursing Institute,PUB43,,Institute,685,Public,Institute,50,,,,0,0,11238,
693,2032014236785,"B A Siddiki Red Crescent Nursing Institute, Dhaka",PRI01,,Institute,686,Private,Institute,50,0,,,0,0,22201,
695,2032014233828,"Jahurul Islam Nursing Institute, Bajitpur, Kishorg...",PRI03,,Institute,688,Private,Institute,0,,,,0,0,22123,
696,2032014238164,"Nursing Institute Christian Mission Hospital, Rajs...",PRI04,,Institute,689,Private,Institute,50,,,,0,0,22204,
697,2032014236174,"Christian Mission Nursing Institute, Chandraghona",PRI05,,Institute,690,Private,Institute,30,,,,0,0,22205,
698,2032014237840,"CRP Nursing College, Savar, Dhaka",PRI06,,Institute,691,Private,College,,,,,40,0,22112,
699,2032014232691,"Khaja Yunus Ali Nursing College, Enayetpur, Sirajg...",PRI07,,Institute,692,Private,College,50,,,,0,30,22114,
700,2032014239190,"Diabetic Association Nursing Institute, Faridpur",PRI08,,Institute,693,Private,College,40,,,,0,0,22208,
701,2032014237537,"Shaheed Monsur Ali Nursing Institute, Uttara, Dhak...",PRI09,,Institute,694,Private,Institute,70,,,,0,0,22209,
702,2032014239471,"Fatema Nursing College, Ad-din Hospital, Dhaka",PRI10,,Institute,695,Private,College,50,,,,50,30,22127,
703,2032014232560,"Ad-din Nursing Institute, Jessore.",PRI11,,Institute,696,Private,Institute,30,,,,0,0,22211,
704,2032014234182,"Safina Nursing Institute, Kushtia.",PRI12,,Institute,697,Private,Institute,30,,,,0,0,22212,
705,2032014235878,"Islami Bank Nursing College, Rajshahi",PRI13,,Institute,698,Private,College,120,,,,50,50,22128,
706,2032014235537,"North East Nursing College, Sylhet",PRI14,,Institute,699,Private,Institute,120,,,,70,60,22104,
707,2032014234628,"Shisu Shastha Foundation Nursing Institute, Dhaka",PRI15,,Institute,700,Private,Institute,20,,,,0,0,22215,
708,2032014232324,"CHP Nursing Institute, Haluaghat, Mymensingh",PRI16,,Institute,701,Private,Institute,50,,,,0,0,22216,
709,2032014234714,"Nursing Institute, M.C. for Women and Hospital, Ut...",PRI17,,Institute,702,Private,Institute,25,,,,0,0,22217,
710,2032014232399,"Ctg. Maa-O-Shisu Hosp. Nursing Institute, Chittago...",PRI18,,Institute,703,Private,Institute,50,,,,0,0,22218,
711,2032014232885,"Central Hospital Nursing Institute, Dhaka",PRI19,,Institute,704,Private,Institute,50,,,,0,0,22219,
712,2032014233418,"TMMC Nursing College, Board Bazar, Gazipur",PRI20,,Institute,705,Private,Institute,50,,,,50,50,22110,
713,2032014234638,"Green Life College of Nursing Dhanmondi, Dhaka",PRI21,,Institute,706,Private,Institute,40,,,,40,30,22117,
714,2032014235681,"TMSS Nursing College, Thengamara, Bogra",PRI22,,Institute,707,Private,Institute,100,30,,,25,30,22109,
715,2032014241127,"East West Nursing College, Turag, Dhaka",PRI23,,Institute,708,Private,College,50,,,,60,60,22111,
716,2032014237570,"Grameen Caledonian College of Nursing, Dhaka",PRI24,,Institute,709,Private,Institute,80,0,,,0,0,22121,
717,2032014235399,"IBN SINA Nursing Institute, Dhaka",PRI25,,Institute,710,Private,Institute,90,,,,0,0,22225,
718,2032014235595,"Rangpur Community Nursing College, Rangpur",PRI26,,Institute,711,Private,College,50,,,,30,30,22120,
719,2032014240256,College of Nursing Science Dinajpur,PRI27,,Institute,712,Private,College,60,,,,30,30,22124,
720,2032014240764,"GMR Nursing Institute, Khulna",PRI28,,Institute,713,Private,Institute,70,,,,0,0,22228,
721,2032014237813,"Begum Osman Ara College of Nursing, Chittagong",PRI29,,Institute,714,Private,Institute,50,,,,0,0,22229,
722,2032014234092,"Begum Rabeya Khatun Chow. Nursing College, Sylhet",PRI30,,Institute,715,Private,Institute,80,,,,60,50,22105,
723,2032014234381,"Jameson Red-Crescent Nursing Institute, Chittagong",PRI31,,Institute,716,Private,Institute,50,,,,0,0,22231,
724,2032014236351,"Dhaka Community Nursing College, Moghbazar, Dhaka",PRI32,,Institute,717,Private,College,50,,,,40,30,22125,
725,2032014234224,"Community Based Nursing Institute, Mymensingh",PRI33,,Institute,718,Private,Institute,60,,,,0,0,22233,
726,2032014235181,"Pabna Community Nursing Institute, Sathia, Pabna",PRI34,,Institute,719,Private,Institute,40,0,,,0,0,222154,
727,2032014236588,"Shah Makhdum Nursing Institute, Boalia, Rajshahi",PRI35,,Institute,720,Private,Institute,40,,,,0,0,22234,
729,2032014233571,"LAMB Nursing Institute, Parbatipur, Dinajpur",PRI37,,Institute,722,Private,Institute,50,30,,,0,0,22236,
730,2032014238650,"Comilla Diabetic Association Nursing Institute, Co...",PRI38,,Institute,723,Private,Institute,50,,,,0,0,22237,
731,2032014241273,"MRF Nursing Institute, Joypurhat",PRI39,,Institute,724,Private,Institute,50,,,,0,0,22238,
732,2032014237143,"Diabetic Association Nursing College, Rajshahi",PRI40,,Institute,725,Private,Institute,70,,,,0,0,22239,
733,2032014239641,"Monno Nursing College, Manikgonj",PRI41,,Institute,726,Private,Institute,40,,,,0,0,22240,
734,2032014234860,"Prime Bank College of Nursing, Dhaka",PRI42,,Institute,727,Private,College,80,,,,30,20,22115,
735,2032014238829,"Ideal Nursing College, Bogra",PRI43,,Institute,728,Private,Institute,50,,,,0,0,22242,
736,2032014235180,"Safa-Makkah Nursing Institute, Sirajgonj",PRI44,,Institute,729,Private,Institute,40,,,,0,0,22243,
737,2032014240317,"St.Vincent Nursing Institute, Dinajpur",PRI45,,Institute,730,Private,Institute,60,0,,,0,0,22244,
738,2032014235388,"Japan-Bangladesh Friendship Nursing Institute, Dha...",PRI46,,Institute,731,Private,Institute,60,,,,0,0,22245,
740,2032014236338,"Universal Nursing Institute, Mohakhali, Dhaka",PRI48,,Institute,733,Private,Institute,50,,,,0,0,22247,
741,2032014232217,"Kalihati Nursing Institute, Kalihati, Tangail",PRI49,,Institute,734,Private,Institute,50,,,,0,0,22248,
742,2032014234645,"Northern Institute of Nursing Science, Rangpur",PRI50,,Institute,735,Private,Institute,60,,,,0,0,22249,
743,2032014233424,"The Green Life Nursing Institute, Dinajpur",PRI51,,Institute,736,Private,Institute,50,,,,0,0,22250,
744,2032014232830,"Impact Nursing Institute, Amjhupi, Meherpur",PRI52,,Institute,737,Private,Institute,20,,,,0,0,22251,
745,2032014233069,"Family Welfare Visitors Training Institute, Azimpu...",FWV01,,Institute,738,Public,Institute,,,,,0,0,11244,
746,2032014239257,"Family Welfare Visitors Training Institute, Tangai...",FWV02,,Institute,739,Public,Institute,,,,,0,0,11245,
747,2032014241976,"Family Welfare Visitors Training Institute, Barisa...",FWV03,,Institute,740,Public,Institute,,,,,0,0,11246,
748,2032014232418,"Family Welfare Visitors Training Institute, Khulna",FWV04,,Institute,741,Public,Institute,,,,,0,0,11247,
749,2032014232646,"Family Welfare Visitors Training Institute, Dinajp...",FWV05,,Institute,742,Public,Institute,,,,,0,0,11248,
750,2032014234413,"Family Welfare Visitors Training Institute, Comill...",FWV06,,Institute,743,Public,Institute,,,,,0,0,11249,
751,2032014240622,"Family Welfare Visitors Training Institute, Bogra",FWV07,,Institute,744,Public,Institute,,,,,0,0,11250,
752,2032014238876,"Family Welfare Visitors Training Institute, Kushti...",FWV08,,Institute,745,Public,Institute,,,,,0,0,11251,
753,2032014236132,"Family Welfare Visitors Training Institute, Faridp...",FWV09,,Institute,746,Public,Institute,,,,,0,0,11252,
754,2032014240047,"Family Welfare Visitors Training Institute, Sylhet",FWV10,,Institute,747,Public,Institute,,,,,0,0,11253,
755,2032014232556,"Family Welfare Visitors Training Institute, Rangam...",FWV11,,Institute,748,Public,Institute,,,,,0,0,11254,
756,2032014236732,"Family Welfare Visitors Training Institute, Rajsha...",FWV12,,Institute,749,Public,Institute,,,,,0,0,11255,
757,2032014239759,"Radda Community Paramedic Institute, Dhaka",CP01,,Institute,750,Private,Institute,,,,,0,0,222118,
758,2032014241190,"Prokash Medical Institute, Gazipur",CP02,,Institute,751,Private,Institute,,,,,0,0,222119,
759,2032014235079,"Faridpur Community Paramedic Institute, Faridpur",CP03,,Institute,752,Private,Institute,,,,,0,0,222120,
760,2032014234603,"SIT Foundation Community Paramedic Institute, Bogr...",CP04,,Institute,753,Private,Institute,,,,,0,0,222121,
761,2032014235798,"AITAM Welfare Organization, Dhaka",CP05,,Institute,754,Private,Institute,,,,,0,0,222122,
763,2032014234808,"Dhaka Community Hospital, Dhaka",CP07,,Institute,756,Private,Institute,,,,,0,0,,
764,2032014238257,"RTM International, Shewrapara, Dhaka",CP08,,Institute,757,Private,Institute,,,,,0,0,222125,
765,2032014235995,"RTM International Community Paramedic Institute, S...",CP09,,Institute,758,Private,Institute,,,,,0,0,222126,
766,2032014234524,"Shimantik Institute of Human Resource Development,...",CP10,,Institute,759,Private,Institute,,,,,0,0,222127,
767,2032014240039,"Rangpur Community Paramedic Institute, Rangpur",CP11,,Institute,760,Private,Institute,,,,,0,0,222128,
768,2032014235451,"TMSS Community Paramedic Institute, Bogra (TCPI)",CP12,,Institute,761,Private,Institute,,,,,0,0,222129,
769,2032014238259,"Population Services and Training Centre, Dhaka (PS...",CP13,,Institute,762,Private,Institute,,,,,0,0,222130,
770,2032014241620,"DWF  Community Paramedic Institute, Patuakhali",CP14,,Institute,763,Private,Institute,,,,,0,0,222131,
772,2032014238455,"Chapai Nawabganj Community Paramedic Institute, Ch...",CP16,,Institute,765,Private,Institute,,,,,0,0,222133,
773,2032014240695,"Institute of Patuakhali Medical Technology (IPMT),...",CP18,,Institute,766,Private,Institute,,,,,0,0,222135,
774,2032014238903,Sancred Community Health Service Center & Hospital...,CP19,,Institute,767,Private,Institute,,,,,0,0,222136,
775,2032014237106,"Bangladesh Community Paramedic Institute, Rajshahi",CP17,,Institute,768,Private,Institute,,,,,0,0,222134,
776,2032014239112,"Sadar Hospital, Gaibandha",HOS01,,Institute,769,Public,Institute,,,,,0,0,,
777,2032014237272,"Sadar Hospital, Natore",HOS02,,Institute,770,Public,Institute,,,,,0,0,,
778,2032014244005,"Sadar Hospital, Narshingdi",HOS03,,Institute,771,Public,Institute,,,,,0,0,222161,
779,2032014237624,"Sadar Hospital, Narayangonj",HOS04,,Institute,772,Public,Institute,,,,,0,0,222159,
780,2032014237003,"Sadar Hospital, Manikgonj",HOS05,,Institute,773,Public,Institute,,,,,0,0,222160,
781,2032014244310,"ICMH, Matuail, Dhaka",HOS06,,Institute,774,Public,Institute,,,,,0,0,222164,
782,2032014240315,"Armed Forces Medical Institute, Dhaka Cantonment",AUTO01,,Institute,775,Private,Institute,,,,,60,0,11109,
783,3032014005865,"Dhaka Nursing College, Dhaka",PUBC01,,Institute,776,Public,College,,,,,100,0,11101,
784,3032014003152,"Mymensingh Nursing College, Mymensingh",PUBC02,,Institute,777,Public,College,,,,,100,0,11102,
785,3032014002656,"Rajshahi Nursing College, Rajshahi",PUBC03,,Institute,778,Public,College,,25,,,100,0,11103,
786,3032014008498,"Chittagong Nursing College, Chittagong",PUBC04,,Institute,779,Public,College,,25,,,100,0,11104,
787,3032014010692,"Rangpur Nursing College, Rangpur",PUBC05,,Institute,780,Public,College,,25,,,100,0,11105,
788,3032014007260,"Sylhet Nursing College, Sylhet",PUBC06,,Institute,781,Public,College,,25,,,100,0,11106,
789,3032014010089,"Barisal Nursing College, Barisal",PUBC07,,Institute,782,Public,College,0,25,,,100,0,11107,
790,3032014010248,"College of Nursing, Mohakhali, Dhaka",PUBC08,,Institute,783,Public,College,,,,,0,125,11115,
791,3032014011489,"Fouzderhat Nursing College, Chittagong",PUBC09,,Institute,784,Public,College,,25,,,0,125,11116,
792,3032014002537,Bogra Nursing College,PUBC10,,Institute,785,Public,College,,,,,0,125,11117,
793,3032014007176,EPNC,EPNC,,Institute,786,Public,College,,,,,0,0,10000,
794,3032014008414,"OGSB Hospital, Mirpur, Dhaka",HOS07,,Institute,787,Private,Institute,,,,,0,0,222167,
795,3032014009869,"LAMB Hospital, Parbatipur, Dinajpur",HOS08,,Institute,788,Private,Institute,,,,,0,0,222165,
796,3032014013657,"Christian Hospital, Chandragona, Rangamati",HOS09,,Institute,789,Private,Institute,,,,,0,0,,
799,11032014129148,National Heart Foundation Hospital and Research In...,HOS10,,Institute,791,Private,Institute,,,,,0,0,222171,
800,11032014128331,"Ibrahim Cardiac Hospital and Research Institute, D...",HOS11,,Institute,792,Private,Institute,,,,,0,0,222169,
801,11032014129112,"Suratan Nesa Nursing Institute, Mymensingh",PRI262,,Institute,793,Private,Institute,,,,,0,0,222204,
1031,27032018067300,"Tajuddin Ahmad Nursing College, Gazipur",PUBC13,,Institute,997,Public,College,,,,,100,,11123,
806,11032014135968,"Faculty of Nursing, BSMMU, Dhaka",HOS14,,Institute,798,Public,College,,,,,25,0,11108,
807,11032014133298,"Kumudini Nursing College, Mirzapur, Tangail",PRI53,,Institute,799,Private,College,70,0,,,60,60,22102,
808,11032014133112,"State College of Health Sciences, Dhaka",PRI54,,Institute,800,Private,College,,,,,40,50,22101,
809,11032014137980,"International Nursing College, Tongi, Gazipur",PRI55,,Institute,801,Private,College,,,,,40,30,22103,
810,11032014140349,"Square College of Nursing, Dhaka",PRI56,,Institute,802,Private,College,,,,,50,0,22107,
811,11032014133250,"United College of Nursing, Gulshan, Dhaka",PRI57,,Institute,803,Private,College,,,,,40,20,22108,
812,11032014137786,"BIRDEM Nursing College, Dhaka",PRI58,,Institute,804,Private,College,,,,,50,50,22113,
813,11032014134341,"Dept. of Nursing, IUBAT, Uttara, Dhaka",PRI59,,Institute,805,Private,College,,,,,125,0,22118,
814,11032014142376,"S.M.U.R. M. Hospital, Bangla Bazar, Dhaka",JM01,,Institute,806,Private,Institute,,,,,0,0,,
815,11032014134319,"Memon Maternity Hospital, Chittagong",JM02,,Institute,807,Private,Institute,,,,,0,0,222109,
816,11032014138159,"Chandpur Red-Crescent Maternity Hospital, Chandpur",JM03,,Institute,808,Private,Institute,,,,,0,0,,
817,11032014136258,"Fatema Hospital, Jessore",JM04,,Institute,809,Private,Institute,,,,,0,0,222111,
818,11032014135674,"Christian Hospital, Bogra",JM05,,Institute,810,Private,Institute,,,,,0,0,222113,
833,28062014087000,"B.A Siddiki R.C Nursing Institute, Dhaka",JM06,,Institute,824,Private,Institute,,,,,0,0,,
834,28062014093300,"Ad-din Maternity Hospital, Jessore",JM07,,Institute,825,Private,Institute,,,,,0,0,,
836,28062014094100,"Jameson Red-Crescent Maternity Hospital,CTG",JM09,,Institute,827,Private,Institute,,,,,0,0,,
955,27092016159096,"BF Community Paramedic Institute, Joypurhat",CP06,,Institute,942,Private,Institute,,,,,,,222123,
842,28062014091500,National Institute of Medical and Dental Technolog...,CP15,,Institute,833,Private,Institute,,,,,0,0,,
843,28062014097000,"Institute of Health Science, Keraniganj, Dhaka",CP20,,Institute,834,Private,Institute,,,,,0,0,222137,
847,21082014060800,"CSBA Training center model clinic, Barisal",PRI61,,Institute,836,Private,Institute,,,,,0,0,,
848,14092014069300,MCWC Comilla CSBA institute,CSBAPUB,,Institute,837,Public,Institute,,,,,0,0,,
849,18092014048000,"CSBA Training Center-Model Family Planning Clinic,...",CSBAPUB1,,Institute,838,Public,Institute,,,,,0,0,,
851,5112014077640,"Scholars Nursing Institute, Mymensingh",PRI63,,Institute,840,Private,Institute,30,,,,0,0,22252,
852,5112014077620,"Skabo Nursing College, Mymensingh",PRI64,,Institute,841,Private,Institute,60,,,,0,0,22253,
853,5112014078270,"Gazi Munibur Rahman Nursing College, Patuakhali",PRI65,,Institute,842,Private,Institute,60,,,,0,0,22254,
854,5112014083060,"BADS Nursing Institute, Bogra",PRI66,,Institute,843,Private,Institute,40,,,,0,0,22255,
855,5112014077900,"MH Samorita Nursing College, Dhaka",PRI67,,Institute,844,Private,Institute,40,,,,40,30,22126,
856,24112014099300,"RTC, Tala, Satkhira",CP21,,Institute,845,Public,Institute,,,,,0,0,,
857,24112014101600,"RTC, Agailjhara, Barisal",CP22,,Institute,846,Public,Institute,,,,,0,0,,
858,24112014100100,"RTC, Dhamrai, Dhaka",CP23,,Institute,847,Public,Institute,,,,,0,0,,
859,24112014101300,"RTC, Sitakunda, Chittagong",CP24,,Institute,848,Public,Institute,,,,,0,0,,
860,24112014103000,"Birampur Community Paramedic Institute, Birampur, ...",CP25,,Institute,849,Private,Institute,,,,,0,0,222138,
861,24112014095200,"Rabeya Community Paramedic Institute, Savar, Dhaka",CP26,,Institute,850,Private,Institute,,,,,0,0,222139,
862,1122014074640,"Medical College Hospital, Tangail",CP27,,Institute,851,Public,Institute,,,,,0,0,,
865,8032015038630,"Upazilla Health Complex, Bogra",CSBAPUB2,,Institute,854,Public,Institute,,,,,0,0,,
866,9062015090400,"Civil Surgeon Office, Tangail",PUB44,,Institute,855,Public,Institute,,,,,0,0,,
868,7072015074520,"Uttarbango Nursing Institute, Bogra",PRI68,,Institute,856,Private,Institute,40,,,,0,0,22257,
869,7072015077640,"Pallabi Nursing Institute, Mirpur, Dhaka",PRI69,,Institute,857,Private,Institute,60,40,,,0,0,22258,
870,7072015088950,"Sylhet Red-Crescent Nursing Institute, Sylhet",PRI70,,Institute,858,Private,Institute,50,,,,0,0,22259,
871,7072015087990,"MRM Hospital and Nursing Institute, Bancharampur, ...",PRI71,,Institute,859,Private,Institute,40,,,,0,0,22260,
872,7072015090100,"Dhaka Central Int. Nursing College And Inst, Shamo...",PRI72,,Institute,860,Private,Institute,50,,,,50,30,22122,
873,7072015085770,"Al-Helal Nursing Institute, Mirpur-11, Dhaka",PRI73,,Institute,861,Private,Institute,30,,,,0,0,22262,
874,8072015054470,"Anowara Nursing College, Dinajpur",PRI74,,Institute,862,Private,Institute,80,,,,50,0,22263,
875,8072015059800,"Hamida Nursing Institute, Mirpur, Dhaka",PRI75,,Institute,863,Private,Institute,60,,,,0,0,22264,
876,8072015055450,"Udayan Nursing College, Rajshahi",PRI76,,Institute,864,Private,College,70,,,,50,50,22130,
877,8072015058570,"DWF Nursing College, Barisal",PRI77,,Institute,865,Private,College,60,0,,,0,30,22266,
878,8072015053810,"NIMDT Nursing Institute, Mohammadpur, Dhaka",PRI78,,Institute,866,Private,Institute,30,,,,0,0,22267,
879,9072015062000,"Rangpur Army Nursing College, Rangpur",PRI79,,Institute,867,Private,College,,,,,50,0,11110,
880,9072015061950,"Chittagong Army Nursing College, Chittagong",PRI80,,Institute,868,Private,College,,,,,50,0,11111,
881,9072015065830,Army Nursing College Comilla,PRI81,,Institute,869,Private,College,,,,,50,0,11112,
882,9072015062360,"Jessore Army Nursing College, Jessore",PRI82,,Institute,870,Private,College,,,,,50,0,11113,
883,9072015066640,"Bogra Army Nursing College, Bogra",PRI83,,Institute,871,Private,College,,,,,50,0,11114,
884,9072015065870,"Jahurul Islam Nursing College, Bajitpur, Kishorgon...",PRI84,,Institute,872,Private,College,60,,,,50,30,22123,
885,27072015097300,"Armed Forces Medical Institute, Dhaka",PUB85,,Institute,873,Public,College,,,,,0,0,,
887,9092015052740,"Institute of Community Health-Bangladesh, Dhaka",CP28,,Institute,875,Private,Institute,,,,,0,0,222124,
889,1102015034980,"GARCM Hospital and Traing Institute, Chandpur",JM11,,Institute,877,Private,Institute,,,,,0,0,222110,
890,6102015053140,"Prime Nursing College, Rangpur",PRI189,,Institute,878,Private,College,80,40,,,70,85,22106,
891,12102015087000,"Dr. Jubeida Khatoon Nursing Institute, Rajshahi",PRI190,,Institute,879,Private,Institute,40,,,,0,0,22279,
892,14102015046100,Manikgonj Nursing College,PUB191,,Institute,880,Public,College,,25,,,0,0,11119,
893,28102015035100,"DWF Midwifery Institute, Patuakhali",MI1,,Institute,881,Private,Institute,,35,,,0,0,222149,
894,23112015072500,Sheikh Fazilatunnessa Mujib Memorial KPJ Specializ...,PRI192,,Institute,882,Private,College,0,0,,,50,40,22119,
895,13122015131000,"Dinajpur Nursing College, Dinajpur",PUBC12,,Institute,883,Public,College,,25,,,80,0,11120,
896,31122015047900,"BRAC University Dhaka Centre, Dhaka",MI2,,Institute,884,Private,Institute,0,50,,,0,0,222144,
897,31122015043900,"BRAC University Shimantik Centre, Sylhet",MI3,,Institute,885,Private,Institute,0,30,,,0,0,222143,
898,31122015045900,"BRAC University FIVDB Centre, Sylhet",MI4,,Institute,886,Private,Institute,0,30,,,0,0,222142,
899,31122015052200,"BRAC University GBC-CHP Centre, Mymensingh",MI5,,Institute,887,Private,Institute,0,30,,,0,0,222145,
900,31122015050900,"BRAC University LAMB Centre, Parbatipur, Dinajpur",MI6,,Institute,888,Private,Institute,0,30,,,0,0,222141,
901,31122015052100,"BRAC University PHD Centre, Khulna",MI7,,Institute,889,Private,Institute,0,30,,,0,0,222146,
902,31122015048400,"BRAC University Hope Foundation Centre, Cox’s Ba...",MI8,,Institute,890,Private,Institute,0,30,,,0,0,222147,
903,31122015050200,"ICMH Midwifery Institute, Matuail, Dhaka",MI9,,Institute,891,Private,Institute,0,30,,,0,0,222148,
957,27102016119430,"Bangladesh Institute of Child Health, Dhaka",HOS19,,Institute,944,Private,Institute,,,,,,,222170,
905,31122015053500,"Sahera Hasan Midwifery Institute, Manikgonj",MI11,,Institute,893,Private,Institute,0,25,,,0,0,222151,
906,31122015056000,"TMSS Nursing College, Bogra-Midwifery",MI12,,Institute,894,Private,Institute,0,30,,,0,0,222152,
908,3012016055540,"Salauddin Nursing Institute, Dhaka",PRI191,,Institute,896,Private,Institute,50,0,,,0,0,22268,
909,3012016069290,"Prince Nursing Institute, Savar, Dhaka",PRI300,,Institute,897,Private,Institute,50,0,,,0,0,22269,
910,3012016071640,"Uttara Adhunik Nursing Institute, Uttara, Dhaka",PRI193,,Institute,898,Private,Institute,50,0,,,0,0,22270,
911,3012016070860,"Royal Nursing Institute, Gazipur",PRI194,,Institute,899,Private,Institute,50,0,,,0,0,22271,
912,3012016072860,"Shahjalal (Rh) Nursing Institute, Tangail",PRI195,,Institute,900,Private,Institute,50,0,,,0,0,22272,
913,3012016065150,"Madhupur Nursing Institute, Tangail",PRI196,,Institute,901,Private,Institute,50,0,,,0,0,22273,
914,4012016057670,"Professor Sohrab Uddin Nursing Institute, Tangail",PRI197,,Institute,902,Private,Institute,30,0,,,0,0,22274,
915,4012016056330,"Bir Muktijudda S. A Salam Nursing Institute, Farid...",PRI198,,Institute,903,Private,Institute,30,0,,,0,0,22275,
916,4012016061290,"Rezwan Mollah Nursing Institute, Faridpur",PRI199,,Institute,904,Private,Institute,40,0,,,0,0,22276,
917,4012016060840,"Abdullah Nursing Institute, Rajbari",PRI200,,Institute,905,Private,Institute,40,0,,,0,0,22277,
918,4012016070820,"ART Nursing College, Comilla",PRI201,,Institute,906,Private,Institute,50,0,,,50,40,22131,
919,4012016063320,"Mahi Sawer Nursing Institute, Bogra",PRI202,,Institute,907,Private,Institute,40,0,,,0,0,22280,
920,4012016068240,"SDDL Nursing Institute, Bogra",PRI203,,Institute,908,Private,Institute,50,0,,,0,0,22281,
921,4012016070370,"SIT-Faundation Nursing Institute, Bogra",PRI204,,Institute,909,Private,Institute,30,0,,,0,0,22282,
922,4012016070700,"Bright Nation Nursing Institute, Pabna",PRI205,,Institute,910,Private,Institute,30,0,,,0,0,22283,
923,4012016066110,"Pabna Ideal Nursing Institute, Pabna",PRI206,,Institute,911,Private,Institute,30,0,,,0,0,22284,
924,4012016067290,"Smart Nursing Institute, Pabna",PRI207,,Institute,912,Private,Institute,40,0,,,0,0,22285,
925,5012016094130,"Sakhawat H. Memorial Nursing College, Sirajganj",PRI208,,Institute,913,Private,Institute,50,0,,,50,50,22129,
926,5012016102370,"Adarsha Nursing Institute, Sirajganj",PRI209,,Institute,914,Private,Institute,50,0,,,0,0,22287,
927,5012016102550,"Shahera Amir Nursing Institute, Sirajganj",PRI210,,Institute,915,Private,Institute,50,0,,,0,0,22288,
928,5012016096720,"MediHelp Nursing Institute, Rangpur",PRI211,,Institute,916,Private,Institute,50,0,,,0,0,22289,
929,6012016092440,"Monowara Anowara Nursing Institute, Thakurgaon",PRI212,,Institute,917,Private,Institute,80,0,,,0,0,22290,
930,6012016097240,"Zahir Meherun Nursing Institute, Patuakhali",PRI213,,Institute,918,Private,Institute,30,0,,,0,0,22291,
931,18012016065200,"The North Bengal Nursing Institute, Thakurgaon",PRI214,,Institute,919,Private,Institute,40,0,,,0,0,22292,
932,18012016070200,"America Bangladesh Friendship Nursing Institute, J...",PRI215,,Institute,920,Private,Institute,40,0,,,0,0,22293,
933,18012016089000,"Naogaon Prime Nursing Institute, Naogaon",PRI216,,Institute,921,Private,Institute,40,0,,,0,0,22294,
934,18012016090700,"Barind Institute of Nursing Science, Rajshahi",PRI217,,Institute,922,Private,Institute,60,0,,,0,0,22295,
935,18012016085900,"Anwara-Nur Nursing Institute, Chittagong",PRI218,,Institute,923,Private,Institute,50,0,,,0,0,22296,
936,18012016087300,"Al-Amin Nursing College, Sylhet",PRI219,,Institute,924,Private,Institute,40,0,,,0,0,22297,
937,18012016100000,"Sylhet Women’s Nursing Institute, Sylhet",PRI220,,Institute,925,Private,Institute,50,0,,,0,0,22298,
939,17042016043200,"Civil Surgeon Office, Munshigonj",HOS15,,Institute,926,Public,Institute,0,0,,,0,,,
940,17042016097400,OGSB Hospital,HOS16,,Institute,927,Private,Institute,0,0,,,0,0,,
941,19042016103700,"Tangail Diabetic Association Nursing Institute, Ta...",PRI221,,Institute,928,Private,Institute,40,0,,,0,0,22299,
942,19042016100400,"Marks Nursing College, Mirpur, Dhaka",PRI222,,Institute,929,Private,College,50,0,,,50,30,22132,
943,20042016041600,"Zam Zam Nursing Institute, Barisal",PRI223,,Institute,930,Private,Institute,50,0,,,0,0,222101,
944,20042016041300,"Saseg–Gurukul Nursing Institute, Kushtia",PRI224,,Institute,931,Private,Institute,50,0,,,0,0,222102,
945,20042016037200,"Jashim Uddin Nursing Institute, Jamalpur",PRI225,,Institute,932,Private,Institute,40,0,,,0,0,222103,
946,20042016037900,"Supreme Nursing Institute, Tangail",PRI226,,Institute,933,Private,Institute,50,0,,,0,0,222104,
947,20042016040500,"M. Rahman Nursing Institute, Rajshahi",PRI227,,Institute,934,Private,Institute,40,0,,,0,0,222105,
948,20042016038100,"RIMT Nursing Institute, Mymensingh",PRI228,,Institute,935,Private,Institute,40,0,,,0,0,222106,
949,20042016043100,"Dr. Halima Khatun Nursing Institute, Mymensingh",PRI229,,Institute,936,Private,Institute,50,0,,,0,0,222107,
950,2052016107930,"Civil Surgeon Office, Manikgonj",HOS17,,Institute,937,Public,Institute,,,,,,,,
952,19052016123899,"Anwer Khan Modern Nursing College, Dhanmondi, Dhak...",PRI230,,Institute,939,Private,College,50,,,,40,30,22116,
953,24052016157915,"J.T.S Community Paramedic Institute, Hazaribag, Dh...",CP29,,Institute,940,Private,Institute,,,,,,,222140,
956,19102016174461,"Sadar Hospital, Sunamganj",HOS18,,Institute,943,Public,Institute,,,,,,,222168,
954,12072016139378,"Shaheed Moizuddin Red Crescent Hospital, Dhaka",JM10,,Institute,941,Private,Institute,,,,,,,222108,
958,18012017108706,Others,32206,,Institute,945,Private,Institute,,,,,,,32206,
967,2042017125606,"Shandhani Nursing Institute, Meherpur",PRI231,,Institute,946,Private,Institute,50,,,,,,,
969,17042017162464,BNC,BNC,,Institute,947,Public,College,,,,,,,10001,
971,17042017160826,"DCMT Nursing Institute, Mohammadpur, Dhaka",PRI,,Institute,948,Private,Institute,,,,,,,222173,
973,1911201730001,Adventist University of the Philippines,FEC1,,Institute,949,Private,College,,,,,,,30001,
975,19042017134521,"Holy Family Red Crescent Nursing College, Dhaka",PRI232,,Institute,950,Private,College,,,,,,,22133,
1003,27042017118778,Jessore Institute of Nursing Science and Midwifery...,PRI250,,Institute,974,Public,Institute,40,,,,,,222195,
977,19042017153058,"Asian Nursing Institute, Sheikhpapra, Khulna",PRI233,,Institute,951,Private,Institute,50,,,,,,222178,
979,19042017146796,"Dr. Liza Nursing Institute, Kushtia",PRI234,,Institute,952,Private,Institute,40,,,,,,222184,
981,19042017159144,"Seba Nursing Institute, Chapainawabganj",PRI235,,Institute,953,Private,Institute,40,,,,,,222185,
982,19042017168099,"Provati Nursing Institute, Laximipur, Rajshahi",PRI236,,Institute,954,Private,Institute,30,,,,,,222174,
983,20042017111767,"SAIC Nursing College, Dhaka",PRI237,,Institute,955,Private,Institute,40,,,,,,222186,
985,20042017165901,"Northern International Nursing College, Dhaka",PRI239,,Institute,956,Private,College,40,,,,,,22134,
986,23042017160893,"Global Nursing Institute, Boalia, Rajshahi",PRI251,,Institute,957,Private,Institute,50,,,,,,222187,
987,23042017162956,"Shimantic Nursing Institute, Sylhet",PRI238,,Institute,958,Private,Institute,40,,,,,,222188,
988,23042017168870,"Bijoy Nursing Institute, Chapai Nawabganj",PRI240,,Institute,959,Private,Institute,50,,,,,,222177,
989,23042017172483,"Karatoa Nursing Institute, Kalitola, Bogra",PRI241,,Institute,960,Private,Institute,50,,,,,,222181,
990,24042017093390,National Institute of Advanced Nursing Education a...,PUBMSC1,,Institute,961,Public,College,,,,,,,11121,
992,24042017146620,"Turag Adhunik Nursing College, Dhaka",PRI242,,Institute,963,Private,Institute,50,,,,,,222189,
993,25042017120659,"Golden Life Nursing Institute, Thakurgoan",PRI244,,Institute,964,Private,College,40,,,,,,222175,
994,25042017115934,"CARe Nursing Institute, Dhaka",PRI243,,Institute,965,Private,Institute,40,,,,,,222190,
995,25042017141896,"Gaibandha Community Nursing Institute, Gaibandha",PRI245,,Institute,966,Private,Institute,40,,,,,,222191,
996,25042017139168,"Brahmanbaria United Nursing College, Brahmanbaria",PRI246,,Institute,967,Private,College,40,,,,,,22135,
997,25042017149850,"Surma Nursing Institute, Sylhet",PRI247,,Institute,968,Private,Institute,40,,,,,,222193,
998,25042017163225,"Nagarjuna School of Nursing, Vijayawada",FEC2,,Institute,969,Private,Institute,,,,,,,30002,
999,25042017168905,"College of Nursing, Shere Banglanagar, Dhaka",PUBC11,,Institute,970,Private,College,40,,,,,,11122,
1001,25042017165240,"Shamsun Nahar Khan Nursing College, Chittagong",PRI263,,Institute,972,Private,Institute,50,,,,,,22136,
1000,25042017160565,"Mirpur Institute of Nursing Science & Midwifery, D...",PRI248,,Institute,971,Private,Institute,,,,,,,222172,
1002,25042017172030,"Shirin Rahman Nursing Institute, Jessore",PRI249,,Institute,973,Private,Institute,30,,,,,,222194,
1004,27042017133831,"Crescent Nursing Institute, Kushtia",PRI252,,Institute,975,Private,Institute,50,,,,,,222196,
1005,27042017163166,"Diabetic Association Nursing Institute, Narayangan...",PRI253,,Institute,976,Private,Institute,,,,,,,222197,
1006,27042017168068,"Trauma Nursing Institute, Dhaka",PRI254,,Institute,977,Private,Institute,,,,,,,222198,
1007,27042017186806,"New Sonar Bangla Nursing Institute, Rangpur",PRI255,,Institute,978,Private,Institute,40,,,,,,222199,
1008,27042017193943,"RTMI Nursing Institute, Sylhet",PRI256,,Institute,979,Private,Institute,,,,,,,222200,
1009,28042017104329,"Bangladesh Adventist Nursing Institute, Gazipur",PRI257,,Institute,980,Private,Institute,,,,,,,222201,
1010,28042017111415,"Mamota Nursing Institute, Rajshahi",PRI258,,Institute,981,Private,Institute,,,,,,,222202,
1011,29042017224301,"RTMI Midwifery Institute, Sylhet",PRI259,,Institute,982,Private,Institute,,,,,,,222203,
1029,5032018122450,"Mitu Nursing Institute, Pabna",PRI264,,Institute,995,Private,Institute,30,,,,,,222182,
1034,15042018101200,"Islami Bank Nursing Institute, Barisal",PRI265,,Institute,998,Private,Institute,40,,,,,,222205,
1035,14052018080200,"Unihealth Nursing College, Dhaka",PRI266,,Institute,999,Private,Institute,,,,,,,222206,
1036,17052018076600,"Mirza Nursing College, Rajshahi",PRI267,,Institute,1000,Private,College,,,,,,,22138,
1037,24052018050100,"Elite Nursing Institute, Dhaka",PRI268,,Institute,1001,Private,Institute,,,,,,,22139,
1038,24052018049100,"Amazan Nursing Institute, Faridpur",PRI269,,Institute,1002,Private,Institute,,,,,,,22140,
1039,24052018047700,"Modern Nursing Institute, Narsingdi",PRI270,,Institute,1003,Private,Institute,,,,,,,22141,
1040,24052018048200,"Mohammadpur Model Nursing Institute, Bochila, Dhak...",PRI271,,Institute,1004,Private,Institute,,,,,,,22141,
